100,"Iveco Crossway LE LINE 13M","Autobusy Karlovy Vary",2014,1,0,1,0,0
101,"Iveco Crossway LE LINE 13M","Autobusy Karlovy Vary",2014,1,0,1,0,0
102,"Iveco Crossway LE LINE 13M","Autobusy Karlovy Vary",2014,1,0,1,0,0
103,"Iveco Crossway LE LINE 13M","Autobusy Karlovy Vary",2014,1,0,1,0,0
104,"Iveco Crossway LE LINE 13M","Autobusy Karlovy Vary",2014,1,0,1,0,0
106,"Iveco Crossway LE LINE 13M","Autobusy Karlovy Vary",2014,1,0,1,0,0
107,"Iveco Crossway LE LINE 13M","Autobusy Karlovy Vary",2014,1,0,1,0,0
108,"Iveco Crossway LE LINE 13M","Autobusy Karlovy Vary",2014,1,0,1,0,0
109,"Iveco Crossway LE LINE 13M","Autobusy Karlovy Vary",2014,1,0,1,0,0
110,"Iveco Crossway LE LINE 13M","Autobusy Karlovy Vary",2014,1,0,1,0,0
111,"Iveco Crossway LE LINE 13M","Autobusy Karlovy Vary",2014,1,0,1,0,0
112,"Iveco Crossway LE LINE 13M","Autobusy Karlovy Vary",2014,1,0,1,0,0
113,"Iveco Crossway LE LINE 13M","Autobusy Karlovy Vary",2014,1,0,1,0,0
114,"Iveco Crossway LE LINE 13M","Autobusy Karlovy Vary",2014,1,0,1,0,0
115,"Iveco Crossway LE LINE 13M","Autobusy Karlovy Vary",2014,1,0,1,0,0
116,"Iveco Crossway LE LINE 13M","Autobusy Karlovy Vary",2014,1,0,1,0,0
117,"Iveco Crossway LE LINE 13M","Autobusy Karlovy Vary",2014,1,0,1,0,0
118,"Iveco Crossway LE LINE 13M","Autobusy Karlovy Vary",2014,1,0,1,0,0
119,"Iveco Crossway LE LINE 13M","Autobusy Karlovy Vary",2014,1,0,1,0,0
120,"Iveco Crossway LE LINE 13M","Autobusy Karlovy Vary",2014,1,0,1,0,0
121,"Iveco Crossway LE LINE 13M","Autobusy Karlovy Vary",2014,1,0,1,0,0
122,"Iveco Crossway LE LINE 13M","Autobusy Karlovy Vary",2014,1,0,1,0,0
123,"Iveco Crossway LE LINE 13M","Autobusy Karlovy Vary",2014,1,0,1,0,0
124,"SOR CN 8.5","Autobusy Karlovy Vary",2014,1,0,1,0,0
125,"SOR CN 12","Autobusy Karlovy Vary",2014,1,0,1,0,0
126,"SOR CN 10.5","Autobusy Karlovy Vary",2014,1,0,1,0,0
127,"SOR CN 10.5","Autobusy Karlovy Vary",2014,1,0,1,0,0
128,"SOR CN 10.5","Autobusy Karlovy Vary",2014,1,0,1,0,0
129,"SOR CN 10.5","Autobusy Karlovy Vary",2014,1,0,1,0,0
130,"SOR CN 10.5","Autobusy Karlovy Vary",2014,1,0,1,0,0
131,"SOR CN 10.5","Autobusy Karlovy Vary",2014,1,0,1,0,0
132,"SOR CN 10.5","Autobusy Karlovy Vary",2014,1,0,1,0,0
133,"SOR CN 12","Dopravní společnost Ústeckého kraje",2014,1,0,1,0,0
134,"SOR CN 12","Dopravní společnost Ústeckého kraje",2014,1,0,1,0,0
135,"SOR CN 12","Dopravní společnost Ústeckého kraje",2014,1,0,1,0,0
136,"SOR CN 12","Dopravní společnost Ústeckého kraje",2014,1,0,1,0,0
137,"SOR CN 12","Dopravní společnost Ústeckého kraje",2014,1,0,1,0,0
138,"SOR CN 12","Dopravní společnost Ústeckého kraje",2014,1,0,1,0,0
139,"SOR CN 12","Dopravní společnost Ústeckého kraje",2014,1,0,1,0,0
140,"SOR CN 12","Dopravní společnost Ústeckého kraje",2014,1,0,1,0,0
141,"SOR CN 12","Dopravní společnost Ústeckého kraje",2014,1,0,1,0,0
142,"SOR CN 12","Dopravní společnost Ústeckého kraje",2014,1,0,1,0,0
143,"SOR CN 12","Dopravní společnost Ústeckého kraje",2014,1,0,1,0,0
144,"SOR CN 12","Dopravní společnost Ústeckého kraje",2014,1,0,1,0,0
145,"SOR CN 12","Dopravní společnost Ústeckého kraje",2014,1,0,1,0,0
146,"SOR CN 12","Dopravní společnost Ústeckého kraje",2014,1,0,1,0,0
147,"SOR CN 12","Autobusy Karlovy Vary",2014,1,0,1,0,0
148,"SOR CN 12","Dopravní společnost Ústeckého kraje",2014,1,0,1,0,0
149,"SOR CN 12","Dopravní společnost Ústeckého kraje",2014,1,0,1,0,0
150,"SOR CN 12","Dopravní společnost Ústeckého kraje",2014,1,0,1,0,0
151,"SOR CN 12","Autobusy Karlovy Vary",2014,1,0,1,0,0
152,"SOR CN 8.5","Autobusy Karlovy Vary",2014,1,0,1,0,0
153,"SOR CN 12","Autobusy Karlovy Vary",2014,1,0,1,0,0
154,"SOR CN 12","Dopravní společnost Ústeckého kraje",2014,1,0,1,0,0
155,"SOR CN 12","Dopravní společnost Ústeckého kraje",2014,1,0,1,0,0
156,"SOR CN 12","Dopravní společnost Ústeckého kraje",2014,1,0,1,0,0
158,"SOR CN 9.5","Dopravní společnost Ústeckého kraje",2013,1,0,1,0,0
160,"SOR CN 9.5","Dopravní společnost Ústeckého kraje",2013,1,0,1,0,0
161,"SOR CN 9.5","Autobusy Karlovy Vary",2013,1,0,1,0,0
173,"Irisbus Crossway LE 12M","Autobusy Karlovy Vary",2007,1,0,0,0,0
176,"Karosa C955.1071 Récréo","Autobusy Karlovy Vary",2003,0,0,0,0,0
178,"Karosa Axer 12M C956.1074","Autobusy Karlovy Vary",2003,0,0,0,0,0
179,"Karosa Axer 12M C956.1074","Autobusy Karlovy Vary",2002,0,0,1,0,0
187,"SOR CN 12","Autobusy Karlovy Vary",2010,1,0,0,0,0
189,"SOR CN 9.5","Autobusy Karlovy Vary",2011,1,0,1,0,0
190,"SOR BN 9.5","Autobusy Karlovy Vary",2008,1,0,0,0,0
194,"Irisbus Crossway LE 12M","Autobusy Karlovy Vary",2010,1,0,0,0,0
196,"Irisbus Crossway LE 12.8M","Autobusy Karlovy Vary",2009,1,0,1,0,0
197,"Irisbus Crossway LE 12.8M","Autobusy Karlovy Vary",2009,1,0,1,0,0
198,"SOR CN 12","Autobusy Karlovy Vary",2007,1,0,0,0,0
201,"SOR CN 12","Autobusy Karlovy Vary",2022,1,1,1,0,1
202,"SOR CN 12","Autobusy Karlovy Vary",2022,1,1,1,0,1
203,"SOR CN 12","Autobusy Karlovy Vary",2022,1,1,1,0,1
204,"SOR CN 12","Autobusy Karlovy Vary",2022,1,1,1,0,1
205,"SOR CN 12","Autobusy Karlovy Vary",2022,1,1,1,0,1
206,"SOR CN 12","Autobusy Karlovy Vary",2022,1,1,1,0,1
207,"SOR CN 12","Autobusy Karlovy Vary",2022,1,1,1,0,1
208,"SOR CN 12","Autobusy Karlovy Vary",2022,1,1,1,0,1
209,"SOR CN 12","Autobusy Karlovy Vary",2022,1,1,1,0,1
210,"SOR CN 12","Autobusy Karlovy Vary",2022,1,1,1,0,1
211,"SOR CN 12","Autobusy Karlovy Vary",2022,1,1,1,0,1
212,"SOR CN 12","Autobusy Karlovy Vary",2022,1,1,1,0,1
213,"SOR CN 12","Autobusy Karlovy Vary",2022,1,1,1,0,1
214,"SOR CN 12","Autobusy Karlovy Vary",2022,1,1,1,0,1
215,"SOR CN 12","Autobusy Karlovy Vary",2022,1,1,1,0,1
218,"SOR CN 9.5","Dopravní společnost Ústeckého kraje",2013,1,0,1,0,0
229,"ROŠERO - P First FCLLI","Dopravní společnost Ústeckého kraje",2014,1,0,0,0,0
242,"Setra S 416 LE Business","Dopravní společnost Ústeckého kraje",2016,1,0,1,0,0
243,"Setra S 416 LE Business","Dopravní společnost Ústeckého kraje",2016,1,0,1,0,0
244,"Setra S 415 LE Business","Dopravní společnost Ústeckého kraje",2016,1,0,1,0,0
245,"Setra S 415 LE Business","Dopravní společnost Ústeckého kraje",2016,1,0,1,0,0
246,"Setra S 415 LE Business","Dopravní společnost Ústeckého kraje",2016,1,0,1,0,0
247,"Setra S 415 LE Business","Dopravní společnost Ústeckého kraje",2016,1,0,1,0,0
248,"Setra S 415 LE Business","Dopravní společnost Ústeckého kraje",2016,1,0,1,0,0
249,"Setra S 415 LE Business","Dopravní společnost Ústeckého kraje",2016,1,0,1,0,0
250,"Setra S 415 LE Business","Dopravní společnost Ústeckého kraje",2016,1,0,1,0,0
251,"Setra S 415 LE Business","ČSAD Slaný",2016,1,1,1,0,0
252,"Setra S 415 LE Business","Dopravní společnost Ústeckého kraje",2016,1,0,1,0,0
253,"Setra S 415 LE Business","Dopravní společnost Ústeckého kraje",2016,1,0,1,0,0
254,"Setra S 415 LE Business","Dopravní společnost Ústeckého kraje",2016,1,0,1,0,0
255,"Setra S 415 LE Business","Dopravní společnost Ústeckého kraje",2016,1,0,1,0,0
256,"Setra S 415 LE Business","Dopravní společnost Ústeckého kraje",2016,1,0,1,0,0
257,"Setra S 415 LE Business","ČSAD Slaný",2016,1,1,1,0,0
258,"Setra S 415 LE Business","Dopravní společnost Ústeckého kraje",2016,1,0,1,0,0
259,"Setra S 416 LE Business","Dopravní společnost Ústeckého kraje",2017,1,0,1,0,0
260,"Setra S 416 LE Business","Dopravní společnost Ústeckého kraje",2017,1,0,1,0,0
261,"Setra S 416 LE Business","Dopravní společnost Ústeckého kraje",2017,1,0,1,0,0
262,"Setra S 416 LE Business","Dopravní společnost Ústeckého kraje",2017,1,0,1,0,0
263,"Setra S 416 LE Business","Dopravní společnost Ústeckého kraje",2017,1,0,1,0,0
264,"Setra S 416 LE Business","Dopravní společnost Ústeckého kraje",2017,1,0,1,0,0
265,"Setra S 416 LE Business","Dopravní společnost Ústeckého kraje",2017,1,0,1,0,0
266,"Setra S 416 LE Business","Dopravní společnost Ústeckého kraje",2017,1,0,1,0,0
267,"Setra S 416 LE Business","Dopravní společnost Ústeckého kraje",2017,1,0,1,0,0
268,"Setra S 416 LE Business","Dopravní společnost Ústeckého kraje",2017,1,0,1,0,0
269,"Setra S 416 LE Business","Dopravní společnost Ústeckého kraje",2017,1,0,1,0,0
270,"Setra S 416 LE Business","Dopravní společnost Ústeckého kraje",2017,1,0,1,0,0
271,"Setra S 416 LE Business","Dopravní společnost Ústeckého kraje",2017,1,0,1,0,0
272,"Setra S 416 LE Business","Dopravní společnost Ústeckého kraje",2017,1,0,1,0,0
273,"Setra S 416 LE Business","Dopravní společnost Ústeckého kraje",2017,1,0,1,0,0
274,"Setra S 416 LE Business","Dopravní společnost Ústeckého kraje",2017,1,0,1,0,0
275,"Setra S 416 LE Business","Dopravní společnost Ústeckého kraje",2017,1,0,1,0,0
276,"Setra S 416 LE Business","Dopravní společnost Ústeckého kraje",2017,1,0,1,0,0
277,"Setra S 416 LE Business","Dopravní společnost Ústeckého kraje",2017,1,0,1,0,0
278,"Setra S 416 LE Business","Dopravní společnost Ústeckého kraje",2017,1,0,1,0,0
279,"Setra S 416 LE Business","Dopravní společnost Ústeckého kraje",2017,1,0,1,0,0
280,"Setra S 416 LE Business","Dopravní společnost Ústeckého kraje",2017,1,0,1,0,0
281,"Setra S 416 LE Business","Dopravní společnost Ústeckého kraje",2017,1,0,1,0,0
282,"Setra S 416 LE Business","Dopravní společnost Ústeckého kraje",2017,1,0,1,0,0
283,"Setra S 416 LE Business","Dopravní společnost Ústeckého kraje",2017,1,0,1,0,0
313,"SOR CN 10.5","Autobusová doprava Podbořany",2014,1,0,1,0,0
315,"SOR CN 10.5","Dopravní společnost Ústeckého kraje",2014,1,0,1,0,0
316,"SOR CN 10.5","Autobusová doprava Podbořany",2014,1,0,1,0,0
318,"SOR CN 10.5","Dopravní společnost Ústeckého kraje",2014,1,0,1,0,0
319,"SOR CN 10.5","Autobusová doprava Podbořany",2014,1,0,1,0,0
320,"SOR CN 10.5","Autobusová doprava Podbořany",2014,1,0,1,0,0
325,"SOR CN 9.5","Dopravní společnost Ústeckého kraje",2014,1,0,1,0,0
326,"SOR CN 9.5","Dopravní společnost Ústeckého kraje",2014,1,0,1,0,0
327,"SOR CN 9.5","Dopravní společnost Ústeckého kraje",2014,1,0,1,0,0
328,"SOR CN 9.5","Dopravní společnost Ústeckého kraje",2014,1,0,1,0,0
329,"SOR CN 9.5","Dopravní společnost Ústeckého kraje",2014,1,0,1,0,0
330,"SOR CN 10.5","Autobusová doprava Podbořany",2014,1,0,1,0,0
331,"SOR CN 9.5","Dopravní společnost Ústeckého kraje",2014,1,0,1,0,0
333,"Iveco Crossway LE LINE 10.8M","Autobusová doprava Podbořany",2014,1,0,1,0,0
334,"Iveco Crossway LE LINE 10.8M","Autobusová doprava Podbořany",2014,1,0,1,0,0
379,"Iveco Crossway LE LINE 10.8M","Autobusová doprava Podbořany",2014,1,0,1,0,0
380,"Iveco Crossway LE LINE 10.8M","Autobusová doprava Podbořany",2014,1,0,1,0,0
382,"Iveco Crossway LE LINE 10.8M","Autobusová doprava Podbořany",2014,1,0,1,0,0
383,"Iveco Crossway LE LINE 10.8M","Autobusová doprava Podbořany",2014,1,0,1,0,0
384,"Iveco Crossway LE LINE 10.8M","Autobusová doprava Podbořany",2014,1,0,1,0,0
385,"Iveco Crossway LE LINE 10.8M","Autobusová doprava Podbořany",2014,1,0,1,0,0
388,"Iveco Crossway LE LINE 10.8M","Autobusová doprava Podbořany",2014,1,0,1,0,0
392,"SOR CN 9.5","Dopravní společnost Ústeckého kraje",2014,1,0,1,0,0
393,"SOR CN 9.5","Dopravní společnost Ústeckého kraje",2014,1,0,1,0,0
394,"SOR CN 9.5","Dopravní společnost Ústeckého kraje",2014,1,0,1,0,0
395,"Iveco Crossway LE LINE 10.8M","Dopravní společnost Ústeckého kraje",2014,1,0,1,0,0
396,"SOR CN 9.5","Dopravní společnost Ústeckého kraje",2014,1,0,1,0,0
397,"SOR CN 9.5","Dopravní společnost Ústeckého kraje",2014,1,0,1,0,0
398,"SOR CN 9.5","Dopravní společnost Ústeckého kraje",2014,1,0,1,0,0
399,"SOR CN 9.5","Dopravní společnost Ústeckého kraje",2014,1,0,1,0,0
400,"SOR CN 9.5","Dopravní společnost Ústeckého kraje",2014,1,0,1,0,0
401,"SOR CN 9.5","Dopravní společnost Ústeckého kraje",2014,1,0,1,0,0
403,"Iveco Crossway LE LINE 10.8M","Dopravní společnost Ústeckého kraje",2014,1,0,1,0,0
404,"Iveco Crossway LE LINE 10.8M","Dopravní společnost Ústeckého kraje",2014,1,0,1,0,0
405,"SOR CN 9.5","Dopravní společnost Ústeckého kraje",2014,1,0,1,0,0
406,"Iveco Crossway LE LINE 10.8M","Dopravní společnost Ústeckého kraje",2014,1,0,1,0,0
407,"Iveco Crossway LE LINE 10.8M","Dopravní společnost Ústeckého kraje",2014,1,0,1,0,0
408,"Iveco Crossway LE LINE 10.8M","Dopravní společnost Ústeckého kraje",2014,1,0,1,0,0
411,"Setra S 415 LE Business","UMBRELLA CITY LINES",2022,1,1,1,0,1
412,"Setra S 415 LE Business","UMBRELLA CITY LINES",2022,1,1,1,0,1
413,"Setra S 415 LE Business","UMBRELLA CITY LINES",2022,1,1,1,0,1
414,"Setra S 415 LE Business","UMBRELLA CITY LINES",2022,1,1,1,0,1
415,"Setra S 415 LE Business","UMBRELLA CITY LINES",2022,1,1,1,0,1
416,"Setra S 415 LE Business","UMBRELLA CITY LINES",2022,1,1,1,0,1
417,"Setra S 415 LE Business","UMBRELLA CITY LINES",2022,1,1,1,0,1
418,"Setra S 415 LE Business","UMBRELLA CITY LINES",2022,1,1,1,0,1
419,"Setra S 415 LE Business","UMBRELLA CITY LINES",2022,1,1,1,0,1
420,"Setra S 415 LE Business","UMBRELLA CITY LINES",2022,1,1,1,0,1
421,"Setra S 415 LE Business","UMBRELLA CITY LINES",2022,1,1,1,0,1
422,"Setra S 415 LE Business","UMBRELLA CITY LINES",2022,1,1,1,0,1
423,"Setra S 415 LE Business","UMBRELLA CITY LINES",2022,1,1,1,0,1
424,"Setra S 415 LE Business","UMBRELLA CITY LINES",2022,1,1,1,0,1
425,"Setra S 415 LE Business","UMBRELLA CITY LINES",2022,1,1,1,0,1
426,"Setra S 415 LE Business","UMBRELLA CITY LINES",2022,1,1,1,0,1
427,"Setra S 415 LE Business","UMBRELLA CITY LINES",2022,1,1,1,0,1
428,"Setra S 415 LE Business","UMBRELLA CITY LINES",2022,1,1,1,0,1
429,"Setra S 415 LE Business","UMBRELLA CITY LINES",2022,1,1,1,0,1
430,"Setra S 415 LE Business","UMBRELLA CITY LINES",2022,1,1,1,0,1
431,"Setra S 415 LE Business","UMBRELLA CITY LINES",2022,1,1,1,0,1
432,"Setra S 415 LE Business","UMBRELLA CITY LINES",2022,1,1,1,0,1
433,"Setra S 415 LE Business","UMBRELLA CITY LINES",2022,1,1,1,0,1
434,"Setra S 415 LE Business","UMBRELLA CITY LINES",2022,1,1,1,0,1
435,"Setra S 415 LE Business","UMBRELLA CITY LINES",2022,1,1,1,0,1
436,"Setra S 415 LE Business","UMBRELLA CITY LINES",2022,1,1,1,0,1
437,"Setra S 415 LE Business","UMBRELLA CITY LINES",2022,1,1,1,0,1
438,"Setra S 415 LE Business","UMBRELLA CITY LINES",2022,1,1,1,0,1
439,"Setra S 415 LE Business","UMBRELLA CITY LINES",2022,1,1,1,0,1
440,"Setra S 415 LE Business","UMBRELLA CITY LINES",2022,1,1,1,0,1
441,"Setra S 415 LE Business","UMBRELLA CITY LINES",2022,1,1,1,0,1
442,"Setra S 415 LE Business","UMBRELLA CITY LINES",2022,1,1,1,0,1
443,"Setra S 415 LE Business","UMBRELLA CITY LINES",2022,1,1,1,0,1
444,"Setra S 415 LE Business","UMBRELLA CITY LINES",2022,1,1,1,0,1
445,"Setra S 415 LE Business","UMBRELLA CITY LINES",2022,1,1,1,0,1
446,"Setra S 415 LE Business","UMBRELLA CITY LINES",2022,1,1,1,0,1
447,"Setra S 415 LE Business","UMBRELLA CITY LINES",2022,1,1,1,0,1
448,"Setra S 415 LE Business","UMBRELLA CITY LINES",2022,1,1,1,0,1
449,"Setra S 415 LE Business","UMBRELLA CITY LINES",2022,1,1,1,0,1
450,"Setra S 415 LE Business","UMBRELLA CITY LINES",2022,1,1,1,0,1
451,"Setra S 415 LE Business","UMBRELLA CITY LINES",2022,1,1,1,0,1
452,"Setra S 415 LE Business","UMBRELLA CITY LINES",2022,1,1,1,0,1
453,"Setra S 415 LE Business","UMBRELLA CITY LINES",2022,1,1,1,0,1
454,"Setra S 415 LE Business","UMBRELLA CITY LINES",2022,1,1,1,0,1
455,"Setra S 415 LE Business","UMBRELLA CITY LINES",2022,1,1,1,0,1
456,"Setra S 415 LE Business","UMBRELLA CITY LINES",2022,1,1,1,0,1
457,"Setra S 415 LE Business","UMBRELLA CITY LINES",2022,1,1,1,0,1
458,"Setra S 415 LE Business","UMBRELLA CITY LINES",2022,1,1,1,0,1
459,"Setra S 415 LE Business","UMBRELLA CITY LINES",2022,1,1,1,0,1
470,"SOR CN 10.5","Autobusová doprava Podbořany",2009,1,0,0,0,0
494,"Iveco Crossway LE LINE 12M","Dopravní společnost Ústeckého kraje",2014,1,0,1,0,0
496,"Solaris Urbino 12 III","Dopravní společnost Ústeckého kraje",2006,1,0,0,0,0
501,"Scania Citywide LE 12M","Dopravní společnost Ústeckého kraje",2019,1,1,1,0,1
502,"Scania Citywide LE 12M","Dopravní společnost Ústeckého kraje",2019,1,1,1,0,1
503,"Scania Citywide LE 12M","Dopravní společnost Ústeckého kraje",2019,1,1,1,0,1
504,"Scania Citywide LE 12M","Dopravní společnost Ústeckého kraje",2019,1,1,1,0,1
505,"Scania Citywide LE 12M","Dopravní společnost Ústeckého kraje",2019,1,1,1,0,1
506,"Scania Citywide LE 12M","Dopravní společnost Ústeckého kraje",2019,1,1,1,0,1
507,"Scania Citywide LE 12M","Dopravní společnost Ústeckého kraje",2019,1,1,1,0,1
508,"Scania Citywide LE 12M","Dopravní společnost Ústeckého kraje",2019,1,1,1,0,1
509,"Scania Citywide LE 12M","Dopravní společnost Ústeckého kraje",2019,1,1,1,0,1
510,"Scania Citywide LE 12M","Dopravní společnost Ústeckého kraje",2019,1,1,1,0,1
511,"Scania Citywide LE 12M","Dopravní společnost Ústeckého kraje",2019,1,1,1,0,1
512,"Scania Citywide LE 12M","Dopravní společnost Ústeckého kraje",2019,1,1,1,0,1
513,"Scania Citywide LE 12M","Dopravní společnost Ústeckého kraje",2019,1,1,1,0,1
514,"Scania Citywide LE 12M","Dopravní společnost Ústeckého kraje",2019,1,1,1,0,1
515,"Scania Citywide LE 12M","Dopravní společnost Ústeckého kraje",2019,1,1,1,0,1
516,"Scania Citywide LE 12M","Dopravní společnost Ústeckého kraje",2019,1,1,1,0,1
517,"Scania Citywide LE 12M","Dopravní společnost Ústeckého kraje",2019,1,1,1,0,1
518,"Scania Citywide LE 12M","Dopravní společnost Ústeckého kraje",2019,1,1,1,0,1
519,"Scania Citywide LE 12M","Dopravní společnost Ústeckého kraje",2019,1,1,1,0,1
520,"Scania Citywide LE 12M","Dopravní společnost Ústeckého kraje",2019,1,1,1,0,1
521,"Scania Citywide LE 12M","Dopravní společnost Ústeckého kraje",2019,1,1,1,0,1
522,"Scania Citywide LE 12M","Dopravní společnost Ústeckého kraje",2019,1,1,1,0,1
523,"Scania Citywide LE 12M","Dopravní společnost Ústeckého kraje",2019,1,1,1,0,1
524,"Scania Citywide LE 12M","Dopravní společnost Ústeckého kraje",2019,1,1,1,0,1
525,"Scania Citywide LE 12M","Dopravní společnost Ústeckého kraje",2019,1,1,1,0,1
526,"Scania Citywide LE 12M","Dopravní společnost Ústeckého kraje",2019,1,1,1,0,1
527,"Scania Citywide LE 12M","Dopravní společnost Ústeckého kraje",2019,1,1,1,0,1
528,"Scania Citywide LE 12M","Dopravní společnost Ústeckého kraje",2019,1,1,1,0,1
529,"Scania Citywide LE 12M","Dopravní společnost Ústeckého kraje",2019,1,1,1,0,1
530,"Scania Citywide LE 12M","Dopravní společnost Ústeckého kraje",2019,1,1,1,0,1
531,"Scania Citywide LE 12M","Dopravní společnost Ústeckého kraje",2019,1,1,1,0,1
532,"Scania Citywide LE 12M","Dopravní společnost Ústeckého kraje",2019,1,1,1,0,1
533,"Scania Citywide LE 12M","Dopravní společnost Ústeckého kraje",2019,1,1,1,0,1
534,"Scania Citywide LE 12M","Dopravní společnost Ústeckého kraje",2019,1,1,1,0,1
535,"Scania Citywide LE 12M","Dopravní společnost Ústeckého kraje",2019,1,1,1,0,1
536,"Scania Citywide LE 12M","Dopravní společnost Ústeckého kraje",2019,1,1,1,0,1
537,"Scania Citywide LE 12M","Dopravní společnost Ústeckého kraje",2019,1,1,1,0,1
538,"Scania Citywide LE 12M","Dopravní společnost Ústeckého kraje",2019,1,1,1,0,1
539,"Scania Citywide LE 12M","Dopravní společnost Ústeckého kraje",2019,1,1,1,0,1
540,"Scania Citywide LE 12M","Dopravní společnost Ústeckého kraje",2019,1,1,1,0,1
541,"Scania Citywide LE 12M","Dopravní společnost Ústeckého kraje",2019,1,1,1,0,1
542,"Scania Citywide LE 12M","Dopravní společnost Ústeckého kraje",2019,1,1,1,0,1
543,"Scania Citywide LE 12M","Dopravní společnost Ústeckého kraje",2019,1,1,1,0,1
544,"Scania Citywide LE 12M","Dopravní společnost Ústeckého kraje",2019,1,1,1,0,1
545,"Scania Citywide LE 12M","Dopravní společnost Ústeckého kraje",2019,1,1,1,0,1
546,"Scania Citywide LE 12M","Dopravní společnost Ústeckého kraje",2019,1,1,1,0,1
547,"Scania Citywide LE 12M","Dopravní společnost Ústeckého kraje",2019,1,1,1,0,1
548,"Scania Citywide LE 12M","Dopravní společnost Ústeckého kraje",2019,1,1,1,0,1
549,"Scania Citywide LE 12M","Dopravní společnost Ústeckého kraje",2019,1,1,1,0,1
550,"Scania Citywide LE 12M","Dopravní společnost Ústeckého kraje",2019,1,1,1,0,1
551,"Scania Citywide LE 12M","Dopravní společnost Ústeckého kraje",2019,1,1,1,0,1
552,"Scania Citywide LE 12M","Dopravní společnost Ústeckého kraje",2019,1,1,1,0,1
553,"Scania Citywide LE 12M","Dopravní společnost Ústeckého kraje",2019,1,1,1,0,1
554,"Scania Citywide LE 12M","Dopravní společnost Ústeckého kraje",2019,1,1,1,0,1
555,"Scania Citywide LE 12M","Dopravní společnost Ústeckého kraje",2019,1,1,1,0,1
556,"Scania Citywide LE 12M","Dopravní společnost Ústeckého kraje",2019,1,1,1,0,1
557,"Scania Citywide LE 12M","Dopravní společnost Ústeckého kraje",2019,1,1,1,0,1
558,"Scania Citywide LE 12M","Dopravní společnost Ústeckého kraje",2019,1,1,1,0,1
559,"Scania Citywide LE 12M","Dopravní společnost Ústeckého kraje",2019,1,1,1,0,1
560,"Scania Citywide LE 12M","Dopravní společnost Ústeckého kraje",2019,1,1,1,0,1
561,"Scania Citywide LE 12M","Dopravní společnost Ústeckého kraje",2019,1,1,1,0,1
562,"Scania Citywide LE 12M","Dopravní společnost Ústeckého kraje",2019,1,1,1,0,1
563,"Scania Citywide LE 12M","Dopravní společnost Ústeckého kraje",2019,1,1,1,0,1
564,"Scania Citywide LE 12M","Dopravní společnost Ústeckého kraje",2019,1,1,1,0,1
565,"Scania Citywide LE 12M","Dopravní společnost Ústeckého kraje",2019,1,1,1,0,1
566,"Scania Citywide LE 12M","Dopravní společnost Ústeckého kraje",2019,1,1,1,0,1
567,"Scania Citywide LE 12M","Dopravní společnost Ústeckého kraje",2019,1,1,1,0,1
568,"Scania Citywide LE 12M","Dopravní společnost Ústeckého kraje",2019,1,1,1,0,1
569,"Scania Citywide LE 12M","Dopravní společnost Ústeckého kraje",2019,1,1,1,0,1
570,"Scania Citywide LE 12M","Dopravní společnost Ústeckého kraje",2019,1,1,1,0,1
571,"Scania Citywide LE 12M","Dopravní společnost Ústeckého kraje",2019,1,1,1,0,1
661,"Iveco Crossway LE LINE 14.5M","Dopravní společnost Ústeckého kraje",2022,1,1,1,0,1
662,"Iveco Crossway LE LINE 14.5M","Dopravní společnost Ústeckého kraje",2022,1,1,1,0,1
663,"Iveco Crossway LE LINE 14.5M","Dopravní společnost Ústeckého kraje",2022,1,1,1,0,1
664,"Iveco Crossway LE LINE 14.5M","Dopravní společnost Ústeckého kraje",2022,1,1,1,0,1
665,"Iveco Crossway LE LINE 14.5M","Dopravní společnost Ústeckého kraje",2022,1,1,1,0,1
666,"Iveco Crossway LE LINE 14.5M","Dopravní společnost Ústeckého kraje",2022,1,1,1,0,1
667,"Iveco Crossway LE LINE 14.5M","Dopravní společnost Ústeckého kraje",2022,1,1,1,0,1
668,"Iveco Crossway LE LINE 14.5M","Dopravní společnost Ústeckého kraje",2022,1,1,1,0,1
669,"Iveco Crossway LE LINE 14.5M","Dopravní společnost Ústeckého kraje",2022,1,1,1,0,1
670,"Iveco Crossway LE LINE 14.5M","Dopravní společnost Ústeckého kraje",2022,1,1,1,0,1
671,"Iveco Crossway LE LINE 14.5M","Dopravní společnost Ústeckého kraje",2022,1,1,1,0,1
672,"Iveco Crossway LE LINE 14.5M","Dopravní společnost Ústeckého kraje",2022,1,1,1,0,1
673,"Iveco Crossway LE LINE 14.5M","Dopravní společnost Ústeckého kraje",2022,1,1,1,0,1
674,"Iveco Crossway LE LINE 14.5M","Dopravní společnost Ústeckého kraje",2022,1,1,1,0,1
675,"Iveco Crossway LE LINE 14.5M","Dopravní společnost Ústeckého kraje",2022,1,1,1,0,1
676,"Iveco Crossway LE LINE 14.5M","Dopravní společnost Ústeckého kraje",2022,1,1,1,0,1
677,"Iveco Crossway LE LINE 14.5M","Dopravní společnost Ústeckého kraje",2022,1,1,1,0,1
678,"Iveco Crossway LE LINE 14.5M","Dopravní společnost Ústeckého kraje",2022,1,1,1,0,1
679,"Iveco Crossway LE LINE 14.5M","Dopravní společnost Ústeckého kraje",2022,1,1,1,0,1
680,"Iveco Crossway LE LINE 14.5M","Dopravní společnost Ústeckého kraje",2022,1,1,1,0,1
691,"Dekstra LE 37","Dopravní společnost Ústeckého kraje",2021,1,1,1,0,0
692,"Dekstra LE 37","Dopravní společnost Ústeckého kraje",2021,1,1,1,0,0
740,"Setra S 415 LE Business","ČSAD Slaný",2021,1,1,1,0,1
741,"Setra S 415 LE Business","ČSAD Slaný",2021,1,1,1,0,1
742,"Setra S 415 LE Business","ČSAD Slaný",2021,1,1,1,0,1
743,"Setra S 415 LE Business","ČSAD Slaný",2021,1,1,1,0,1
744,"Setra S 415 LE Business","ČSAD Slaný",2021,1,1,1,0,1
745,"Setra S 415 LE Business","ČSAD Slaný",2021,1,1,1,0,1
746,"Setra S 415 LE Business","ČSAD Slaný",2021,1,1,1,0,1
747,"Setra S 415 LE Business","ČSAD Slaný",2021,1,1,1,0,1
748,"Setra S 415 LE Business","ČSAD Slaný",2021,1,1,1,0,1
749,"Setra S 415 LE Business","ČSAD Slaný",2021,1,1,1,0,1
750,"Setra S 415 LE Business","ČSAD Slaný",2021,1,1,1,0,1
751,"Iveco Crossway LE LINE 12M","ČSAD Slaný",2021,1,1,1,0,1
752,"Iveco Crossway LE LINE 12M","ČSAD Slaný",2021,1,1,1,0,1
753,"Iveco Crossway LE LINE 12M","ČSAD Slaný",2021,1,1,1,0,1
754,"Iveco Crossway LE LINE 12M","ČSAD Slaný",2021,1,1,1,0,1
755,"Iveco Crossway LE LINE 12M","ČSAD Slaný",2021,1,1,1,0,1
756,"Iveco Crossway LE LINE 12M","ČSAD Slaný",2021,1,1,1,0,1
757,"Iveco Crossway LE LINE 12M","ČSAD Slaný",2021,1,1,1,0,1
771,"Setra S 418 LE Business","ČSAD Slaný",2021,1,1,1,0,1
772,"Setra S 418 LE Business","ČSAD Slaný",2021,1,1,1,0,1
773,"Setra S 418 LE Business","ČSAD Slaný",2021,1,1,1,0,1
774,"Setra S 418 LE Business","ČSAD Slaný",2021,1,1,1,0,1
775,"Setra S 418 LE Business","ČSAD Slaný",2021,1,1,1,0,1
776,"Setra S 418 LE Business","ČSAD Slaný",2021,1,1,1,0,1
777,"Setra S 418 LE Business","ČSAD Slaný",2021,1,1,1,0,1
778,"Setra S 418 LE Business","ČSAD Slaný",2021,1,1,1,0,1
779,"Setra S 418 LE Business","ČSAD Slaný",2021,1,1,1,0,1
780,"Setra S 418 LE Business","ČSAD Slaný",2021,1,1,1,0,1
781,"Setra S 418 LE Business","ČSAD Slaný",2021,1,1,1,0,1
782,"Setra S 418 LE Business","ČSAD Slaný",2021,1,1,1,0,1
783,"Setra S 418 LE Business","ČSAD Slaný",2021,1,1,1,0,1
784,"Setra S 418 LE Business","ČSAD Slaný",2021,1,1,1,0,1
785,"Setra S 418 LE Business","ČSAD Slaný",2021,1,1,1,0,1
786,"Setra S 418 LE Business","ČSAD Slaný",2021,1,1,1,0,1
787,"Setra S 418 LE Business","ČSAD Slaný",2021,1,1,1,0,1
788,"Setra S 418 LE Business","ČSAD Slaný",2021,1,1,1,0,1
789,"Setra S 418 LE Business","ČSAD Slaný",2021,1,1,1,0,1
790,"Setra S 418 LE Business","ČSAD Slaný",2021,1,1,1,0,1
791,"Setra S 418 LE Business","ČSAD Slaný",2021,1,1,1,0,1
855,"Setra S 415 LE Business","Dopravní společnost Ústeckého kraje",2020,1,1,1,0,1
856,"Setra S 415 LE Business","Dopravní společnost Ústeckého kraje",2020,1,1,1,0,1
857,"Setra S 415 LE Business","Dopravní společnost Ústeckého kraje",2020,1,1,1,0,1
858,"Setra S 415 LE Business","Dopravní společnost Ústeckého kraje",2020,1,1,1,0,1
859,"Setra S 415 LE Business","Dopravní společnost Ústeckého kraje",2020,1,1,1,0,1
860,"Setra S 415 LE Business","Dopravní společnost Ústeckého kraje",2020,1,1,1,0,1
861,"Setra S 415 LE Business","Dopravní společnost Ústeckého kraje",2020,1,1,1,0,1
862,"Setra S 415 LE Business","Dopravní společnost Ústeckého kraje",2020,1,1,1,0,1
863,"Setra S 415 LE Business","Dopravní společnost Ústeckého kraje",2020,1,1,1,0,1
864,"Setra S 415 LE Business","Dopravní společnost Ústeckého kraje",2020,1,1,1,0,1
865,"Setra S 415 LE Business","Dopravní společnost Ústeckého kraje",2020,1,1,1,0,1
866,"Setra S 415 LE Business","Dopravní společnost Ústeckého kraje",2020,1,1,1,0,1
867,"Setra S 415 LE Business","Dopravní společnost Ústeckého kraje",2020,1,1,1,0,1
868,"Setra S 415 LE Business","Dopravní společnost Ústeckého kraje",2020,1,1,1,0,1
869,"Setra S 415 LE Business","Dopravní společnost Ústeckého kraje",2020,1,1,1,0,1
901,"Otokar Vectio U LE","Dopravní společnost Ústeckého kraje",2023,1,1,1,0,1
902,"Otokar Vectio U LE","Dopravní společnost Ústeckého kraje",2023,1,1,1,0,1
903,"Otokar Vectio U LE","Dopravní společnost Ústeckého kraje",2023,1,1,1,0,1
904,"Otokar Vectio U LE","Dopravní společnost Ústeckého kraje",2023,1,1,1,0,1
905,"Otokar Vectio U LE","Dopravní společnost Ústeckého kraje",2023,1,1,1,0,1
906,"Otokar Vectio U LE","Dopravní společnost Ústeckého kraje",2023,1,1,1,0,1
907,"Otokar Vectio U LE","Dopravní společnost Ústeckého kraje",2023,1,1,1,0,1
908,"Otokar Vectio U LE","Dopravní společnost Ústeckého kraje",2023,1,1,1,0,1
909,"Otokar Vectio U LE","Dopravní společnost Ústeckého kraje",2023,1,1,1,0,1
910,"Otokar Vectio U LE","Dopravní společnost Ústeckého kraje",2023,1,1,1,0,1
911,"Otokar Vectio U LE","Dopravní společnost Ústeckého kraje",2023,1,1,1,0,1
912,"Otokar Vectio U LE","Dopravní společnost Ústeckého kraje",2023,1,1,1,0,1
913,"Otokar Vectio U LE","Dopravní společnost Ústeckého kraje",2023,1,1,1,0,1
914,"Otokar Vectio U LE","Dopravní společnost Ústeckého kraje",2023,1,1,1,0,1
915,"Otokar Vectio U LE","Dopravní společnost Ústeckého kraje",2023,1,1,1,0,1
916,"Otokar Vectio U LE","Dopravní společnost Ústeckého kraje",2023,1,1,1,0,1
917,"Otokar Vectio U LE","Dopravní společnost Ústeckého kraje",2023,1,1,1,0,1
918,"Otokar Vectio U LE","Dopravní společnost Ústeckého kraje",2023,1,1,1,0,1
919,"Otokar Vectio U LE","Dopravní společnost Ústeckého kraje",2023,1,1,1,0,1
920,"Otokar Vectio U LE","Dopravní společnost Ústeckého kraje",2023,1,1,1,0,1
921,"Otokar Vectio U LE","Dopravní společnost Ústeckého kraje",2023,1,1,1,0,1
922,"Otokar Vectio U LE","Dopravní společnost Ústeckého kraje",2023,1,1,1,0,1
923,"Otokar Vectio U LE","Dopravní společnost Ústeckého kraje",2023,1,1,1,0,1
924,"Otokar Vectio U LE","Dopravní společnost Ústeckého kraje",2023,1,1,1,0,1
925,"Otokar Vectio U LE","Dopravní společnost Ústeckého kraje",2023,1,1,1,0,1
926,"Otokar Vectio U LE","Dopravní společnost Ústeckého kraje",2023,1,1,1,0,1
927,"Otokar Vectio U LE","Dopravní společnost Ústeckého kraje",2023,1,1,1,0,1
928,"Otokar Vectio U LE","Dopravní společnost Ústeckého kraje",2023,1,1,1,0,1
929,"Otokar Vectio U LE","Dopravní společnost Ústeckého kraje",2023,1,1,1,0,1
930,"Otokar Vectio U LE","Dopravní společnost Ústeckého kraje",2023,1,1,1,0,1
931,"Otokar Vectio U LE","Dopravní společnost Ústeckého kraje",2023,1,1,1,0,1
932,"Otokar Vectio U LE","Dopravní společnost Ústeckého kraje",2023,1,1,1,0,1
933,"Otokar Vectio U LE","Dopravní společnost Ústeckého kraje",2023,1,1,1,0,1
934,"Otokar Vectio U LE","Dopravní společnost Ústeckého kraje",2023,1,1,1,0,1
935,"Otokar Vectio U LE","Dopravní společnost Ústeckého kraje",2023,1,1,1,0,1
936,"Otokar Vectio U LE","Dopravní společnost Ústeckého kraje",2023,1,1,1,0,1
937,"Otokar Vectio U LE","Dopravní společnost Ústeckého kraje",2023,1,1,1,0,1
938,"Otokar Vectio U LE","Dopravní společnost Ústeckého kraje",2023,1,1,1,0,1
939,"Otokar Vectio U LE","Dopravní společnost Ústeckého kraje",2023,1,1,1,0,1
940,"Otokar Vectio U LE","Dopravní společnost Ústeckého kraje",2023,1,1,1,0,1
941,"Otokar Vectio U LE","Dopravní společnost Ústeckého kraje",2023,1,1,1,0,1
942,"Otokar Vectio U LE","Dopravní společnost Ústeckého kraje",2023,1,1,1,0,1
943,"Otokar Vectio U LE","Dopravní společnost Ústeckého kraje",2023,1,1,1,0,1
944,"Otokar Vectio U LE","Dopravní společnost Ústeckého kraje",2023,1,1,1,0,1
945,"Otokar Vectio U LE","Dopravní společnost Ústeckého kraje",2023,1,1,1,0,1
946,"Otokar Vectio U LE","Dopravní společnost Ústeckého kraje",2023,1,1,1,0,1
947,"Otokar Vectio U LE","Dopravní společnost Ústeckého kraje",2023,1,1,1,0,1
948,"Otokar Vectio U LE","Dopravní společnost Ústeckého kraje",2023,1,1,1,0,1
949,"Otokar Vectio U LE","Dopravní společnost Ústeckého kraje",2023,1,1,1,0,1
950,"Otokar Vectio U LE","Dopravní společnost Ústeckého kraje",2023,1,1,1,0,1
951,"Otokar Vectio U LE","Dopravní společnost Ústeckého kraje",2023,1,1,1,0,1
952,"Otokar Vectio U LE","Dopravní společnost Ústeckého kraje",2023,1,1,1,0,1
953,"Otokar Vectio U LE","Dopravní společnost Ústeckého kraje",2023,1,1,1,0,1
954,"Otokar Vectio U LE","Dopravní společnost Ústeckého kraje",2023,1,1,1,0,1
955,"Otokar Vectio U LE","Dopravní společnost Ústeckého kraje",2023,1,1,1,0,1
956,"Otokar Vectio U LE","Dopravní společnost Ústeckého kraje",2023,1,1,1,0,1
957,"Otokar Vectio U LE","Dopravní společnost Ústeckého kraje",2023,1,1,1,0,1
958,"Otokar Vectio U LE","Dopravní společnost Ústeckého kraje",2023,1,1,1,0,1
959,"Otokar Vectio U LE","Dopravní společnost Ústeckého kraje",2023,1,1,1,0,1
960,"Otokar Vectio U LE","Dopravní společnost Ústeckého kraje",2023,1,1,1,0,1
961,"Otokar Vectio U LE","Dopravní společnost Ústeckého kraje",2023,1,1,1,0,1
962,"Otokar Vectio U LE","Dopravní společnost Ústeckého kraje",2023,1,1,1,0,1
963,"Otokar Vectio U LE","Dopravní společnost Ústeckého kraje",2023,1,1,1,0,1
964,"Otokar Vectio U LE","Dopravní společnost Ústeckého kraje",2023,1,1,1,0,1
965,"Otokar Vectio U LE","Dopravní společnost Ústeckého kraje",2023,1,1,1,0,1
966,"Otokar Vectio U LE","Dopravní společnost Ústeckého kraje",2023,1,1,1,0,1
967,"Otokar Vectio U LE","Dopravní společnost Ústeckého kraje",2023,1,1,1,0,1
968,"Otokar Vectio U LE","Dopravní společnost Ústeckého kraje",2023,1,1,1,0,1
969,"Otokar Vectio U LE","Dopravní společnost Ústeckého kraje",2023,1,1,1,0,1
970,"Otokar Vectio U LE","Dopravní společnost Ústeckého kraje",2023,1,1,1,0,1
971,"Otokar Vectio U LE","Dopravní společnost Ústeckého kraje",2023,1,1,1,0,1
972,"Otokar Vectio U LE","Dopravní společnost Ústeckého kraje",2023,1,1,1,0,1
973,"Otokar Vectio U LE","Dopravní společnost Ústeckého kraje",2023,1,1,1,0,1
974,"Otokar Vectio U LE","Dopravní společnost Ústeckého kraje",2023,1,1,1,0,1
975,"Otokar Vectio U LE","Dopravní společnost Ústeckého kraje",2023,1,1,1,0,1
976,"Otokar Vectio U LE","Dopravní společnost Ústeckého kraje",2023,1,1,1,0,1
977,"Otokar Vectio U LE","Dopravní společnost Ústeckého kraje",2023,1,1,1,0,1
978,"Otokar Vectio U LE","Dopravní společnost Ústeckého kraje",2023,1,1,1,0,1
979,"Otokar Vectio U LE","Dopravní společnost Ústeckého kraje",2023,1,1,1,0,1
980,"Otokar Vectio U LE","Dopravní společnost Ústeckého kraje",2023,1,1,1,0,1
981,"Otokar Vectio U LE","Dopravní společnost Ústeckého kraje",2023,1,1,1,0,1
982,"Otokar Vectio U LE","Dopravní společnost Ústeckého kraje",2023,1,1,1,0,1
983,"Otokar Vectio U LE","Dopravní společnost Ústeckého kraje",2023,1,1,1,0,1
984,"Otokar Vectio U LE","Dopravní společnost Ústeckého kraje",2023,1,1,1,0,1
985,"Otokar Vectio U LE","Dopravní společnost Ústeckého kraje",2023,1,1,1,0,1
986,"Otokar Vectio U LE","Dopravní společnost Ústeckého kraje",2023,1,1,1,0,1
987,"Otokar Vectio U LE","Dopravní společnost Ústeckého kraje",2023,1,1,1,0,1
988,"Otokar Vectio U LE","Dopravní společnost Ústeckého kraje",2023,1,1,1,0,1
989,"Otokar Vectio U LE","Dopravní společnost Ústeckého kraje",2023,1,1,1,0,1
990,"Otokar Vectio U LE","Dopravní společnost Ústeckého kraje",2023,1,1,1,0,1
